{
    "Total Accounts": "حساب های کل",
    "Total Sells": "فروش کل",
    "Total Purchases": "خریداری کل",
    "Total Stocks": "موجودی کل",
    "Total Transformations": "تبدیلات کل",
    "Sell All": "مشاهده همه",
    "Navbar": "نوار ناوبری",
    "Add": "اضافه کردن",
    "Transformations": "تبدیلات",
    "Start": "شروع",
    "End": "پایان",
    "All Users": "تمام کاربران",
    "From Account": "از حساب",
    "From Amount": "از مقدار",
    "Send MSG": "ارسال پیام",
    "Commission Account": "حساب کمیسیون",
    "Com Amount": "مقدار کمیسیون",
    "Date Created": "تاریخ ایجاد",
    "Edit": "ویرایش",
    "rowsPerPage": "ردیف در صفحه",
    "previous": "قبلی",
    "next": "بعدی",
    "page": "صفحه",
    "Currency": "واحد پول",
    "Edit Account": "ویرایش حساب",
    "National Id Picture": "عکس تذکره",
    "ProFile Picture": "عکس پروفایل",
    "Add Account": "اضافه کردن حساب",
    "Edit Withdraw": "ویرایش برداشت",
    "Edit Deposit": "ویرایش واریز",
    "Deposite": "واریز",
    "Customer": "مشتری",
    "Amount": "مقدار",
    "Description": "توضیحات",
    "Date": "تاریخ",
    "ID": "آی‌دی",
    "Customer Name": "نام مشتری",
    "Curency": "واحد پول",
    "Add By": "اضافه شده توسط",
    "Delete": "حذف",
    "Search": "جستجو",
    "Print Pdf": "چاپ پی‌دی‌اف",
    "Create Report From A Customer": "ایجاد گزارش از یک مشتری",
    "Start Date": "تاریخ شروع",
    "End Date": "تاریخ پایان",
    "Report Customer": "گزارش مشتری",
    "This is the value for prev transactions": "این مقدار برای تراکنش‌های قبلی است",
    "Company Name": "نام شرکت",
    "Address": "آدرس",
    "Phone": "تلفن",
    "From": "از",
    "To": "به",
    "Email": "ایمیل",
    "No": "شماره",
    "Balance": "موجودی",
    "Reset Options": "بازنشانی تنظیمات",
    "Currency Name": "نام واحد پول",
    "Added By": "اضافه شده توسط",
    "Profit Table": "جدول سود",
    "Tracking of profit": "ردیابی سود",
    "Bill Number": "شماره بل",
    "Source": "منبع",
    "Sell": "فروش",
    "Report": "گزارش",
    "benefit report": "گزارش سود",
    "Whatsup MSG": "پیام واتساپ",
    "Whatsup Number": "شماره واتساپ",
    "Phone Number": "شماره تلفن",
    "National Id Number": "شماره تذکره",
    "Customers": "مشتریان",
    "Photo": "عکس",
    "Father Name": "نام پدر",
    "Whatsup": "واتساپ",
    "ID Card": "کارت شناسایی",
    "Whatsup Message": "پیام واتساپ",
    "Submit": "ثبت",
    "Cancel": "لغو",
    "Change Organisation Info": "تغییر اطلاعات سازمان",
    "Cash": "نقد",
    "Available Cash": "نقد موجود",
    "Total Transactions:": "کل تراکنش‌ها:",
    "See all transactions": "مشاهده همه تراکنش‌ها",
    "Deposit And Withdraw": "واریز و برداشت",
    "Accounts": "حساب‌ها",
    "Table of Currency": "جدول واحد پول",
    "Add Currency": "اضافه کردن واحد پول",
    "Money Name": "نام پول",
    "Edit Item Type": "ویرایش نوع آیتم",
    "Mesurment Type": "نوع اندازه‌گیری",
    "Mesurment": "اندازه‌گیری",
    "Item Type": "نوع آیتم",
    "Add Image": "اضافه کردن عکس",
    "Item Type Name": "نام نوع آیتم",
    "Select Mesurment": "انتخاب اندازه‌گیری",
    "Add Item Type": "اضافه کردن نوع آیتم",
    "Update Item": "بروزرسانی آیتم",
    "Add Item": "اضافه کردن آیتم",
    "Items": "آیتم‌ها",
    "Item": "آیتم",
    "Serial Number": "شماره سریال",
    "Rate": "نرخ",
    "Update": "بروزرسانی",
    "QTY": "تعداد",
    "Find Bill": "پیدا کردن بل",
    "Search Bill": "جستجوی بل",
    "Purchase Return": "بازگشت خرید",
    "Print And Save": "چاپ و ذخیره",
    "Purchase stocks": "موجودی خرید",
    "Add Purchase": "اضافه کردن خرید",
    "Purchases": "خریدها",
    "Paid Amount": "مقدار پرداخت شده",
    "Total Amount": "مقدار کل",
    "Remain Amount": "مقدار باقیمانده",
    "Exesting": "موجود",
    "Price": "قیمت",
    "Exest QTY": "تعداد موجود",
    "Purchase Table": "جدول خرید",
    "Total": "کل",
    "Quantity": "تعداد",
    "Save": "ذخیره",
    "Save & Print": "ذخیره و چاپ",
    "Purchase": "خرید",
    "Print": "چاپ",
    "Sells": "فروش‌ها",
    "Return": "بازگشت",
    "Item Sold": "آیتم فروخته شده",
    "Draft Of Currency": "پیش‌نویس واحد پول",
    "Edit Return Sell": "ویرایش فروش بازگشتی",
    "Return Sell": "فروش بازگشتی",
    "Sell Return": "بازگشت فروش",
    "Edit Purchase Return": "ویرایش بازگشت خرید",
    "Remain Return Amount": "مقدار بازگشتی باقیمانده",
    "Paid Return Amount": "مقدار بازگشتی پرداخت شده",
    "Total Return Amount": "مقدار بازگشتی کل",
    "Return Item Sold": "آیتم فروخته شده بازگشتی",
    "Draft": "پیش‌نویس",
    "Transaction": "تراکنش",
    "Restore": "بازیابی",
    "Customer Info": "اطلاعات مشتری",
    "Language": "زبان",
    "Reset To Default": "بازنشانی به پیش‌فرض",
    "Reset": "بازنشانی",
    "Organisation Info": "اطلاعات سازمان",
    "Change": "تغییر",
    "Company Picture": "عکس شرکت",
    "Item infomation": "اطلاعات آیتم",
    "Purchase Price": "قیمت خرید",
    "Purchase Stock": "موجودی خرید",
    "Sell Price": "قیمت فروش",
    "Item Name": "نام آیتم",
    "Item information": "اطلاعات آیتم",
    "Veiw": "مشاهده",
    "Dashboard": "داشبورد",
    "Transactions": "تراکنش‌ها",
    "Transformation": "تبدیل",
    "Deposit": "واریز",
    "Withdraw": "برداشت",
    "Reports": "گزارش‌ها",
    "Stock": "موجودی",
    "All Draft": "همه پیش‌نویس‌ها",
    "Draft Transactions": "تراکنش‌های پیش‌نویس",
    "Draft Customers": "مشتریان پیش‌نویس",
    "Draft Currency": "واحد پول پیش‌نویس",
    "Draft Accounts": "حساب‌های پیش‌نویس",
    "Settings": "تنظیمات",
    "Dari": "دری",
    "English": "انگلیسی",
    "Pashto": "پشتو",
    "Add New User": "اضافه کردن کاربر جدید",
    "Manage Users": "مدیریت کاربران",
    "Logout": "خروج",
    "Loading...": "در حال بارگذاری...",
    "Add User": "اضافه کردن کاربر",
    "Username": "نام کاربری",
    "Table Of Users": "جدول کاربران",
    "User Name": "نام کاربر",
    "Password": "رمز عبور",
    "Type": "نوع",
    "Admin": "ادمین",
    "Sample": "نمونه",
    "Edit User": "ویرایش کاربر",
    "Login": "ورود",
    "Hide": "پنهان",
    "You must select from account and to account!": "شما باید از حساب و به حساب را انتخاب کنید!",
    "Transformation has been created!": "تبدیل ایجاد شده است!",
    "Something went wrong!": "مشکلی پیش آمد!",
    "Transformation has been updated!": "تبدیل بروزرسانی شده است!",
    "To Amount": "به مقدار",
    "To Account": "به حساب",
    "You must fill Customer name and Amount input !": "شما باید نام مشتری و مقدار را وارد کنید!",
    "Your record has been added!": "رکورد شما اضافه شده است!",
    "Not working ,please try again!": "کار نمی‌کند، لطفاً دوباره تلاش کنید!",
    "Are you sure?": "آیا مطمئن هستید؟",
    "You won't be able to revert this!": "شما نمی‌توانید این را بازگردانید!",
    "Yes, delete it!": "بله، حذف شود!",
    "No, cancel!": "نه، لغو شود!",
    "record successfully deleted!": "رکورد با موفقیت حذف شد!",
    "Deposite record not deleted": "رکورد واریز حذف نشد",
    "Your Deposite record is safe :)": "رکورد واریز شما ایمن است :)",
    "Your Withdraw record is safe :)": "رکورد برداشت شما ایمن است :)",
    "Updated Successfully!": "با موفقیت بروزرسانی شد!",
    "Not updated successfully!": "بروزرسانی موفقیت‌آمیز نبود!",
    "You must enter the customer name!": "شما باید نام مشتری را وارد کنید!",
    "Your record has been updated!": "رکورد شما بروزرسانی شد!",
    "Cancelled": "لغو شد",
    "Your record is safe :)": "رکورد شما ایمن است :)",
    "You Must fill all inputs!": "شما باید تمام ورودی‌ها را پر کنید!",
    "Please select an item and fill the quantity and price!": "لطفاً یک آیتم انتخاب کنید و تعداد و قیمت را وارد کنید!",
    "Quantity and price must be positive values!": "تعداد و قیمت باید مقادیر مثبت باشند!",
    "have not enuagh item!": "آیتم کافی ندارید!",
    "You don't have enough belance!": "شما موجودی کافی ندارید!",
    "You must fill the item input!": "شما باید ورودی آیتم را پر کنید!",
    "Select an item!": "یک آیتم انتخاب کنید!",
    "Customer has been created!": "مشتری ایجاد شد!",
    "Please fill the bill number!": "لطفاً شماره بل را پر کنید!",
    "This bill number not found!": "این شماره بل پیدا نشد!",
    "Restored successfully!": "با موفقیت بازیابی شد!",
    "Please select at least one table to reset.": "لطفاً حداقل یک جدول برای بازنشانی انتخاب کنید.",
    "Error": "خطا",
    "error": "خطا",
    "Total transactions :": "کل تراکنش‌ها:",
    "User has been deleted!": "کاربر حذف شد!",
    "Factory Reset": "بازنشانی کارخانه",
    "Settings updated successfully!": "تنظیمات با موفقیت بروزرسانی شد!",
    "Show": "نمایش",
    "Profit": "سود",
    "Name": "نام",
    "deposite": "واریز",
    "withdraw": "برداشت",
    "Back in cash": "برگشت نقدی",
    "Edit Transaction": "ویرایش تراکنش"
  }