{
  "Total Accounts": "ټول حسابونه",
  "Total Sells": "ټول خرڅلاو",
  "Total Purchases": "ټول پېرود",
  "Total Stocks": "ټول موجودي",
  "Total Transformations": "ټول بدلونونه",
  "Sell All": "ټول وګورئ",
  "Navbar": "د نیویګیشن بار",
  "Add": "زیاتول",
  "Transformations": "بدلونونه",
  "Start": "پیل",
  "End": "پای",
  "All Users": "ټول کاروونکي",
  "From Account": "د حساب څخه",
  "From Amount": "د مقدار څخه",
  "Send MSG": "پیام لیږل",
  "Commission Account": "د کمیسیون حساب",
  "Com Amount": "د کمیسیون مقدار",
  "Date Created": "د جوړیدو نیټه",
  "Edit": "سمون",
  "rowsPerPage": "په هر پاڼه کې قطارونه",
  "previous": "پخوانی",
  "next": "راتلونکی",
  "page": "پاڼه",
  "Currency": "اسعار",
  "Edit Account": "حاس سمون",
  "National Id Picture": "د ملی کارت عکس",
  "ProFile Picture": "د پروفایل عکس",
  "Add Account": "حاس زیاتول",
  "Edit Withdraw": "د برداشت سمون",
  "Edit Deposit": "د واریز سمون",
  "Deposite": "واریز",
  "Customer": "پیرودار",
  "Amount": "مقدار",
  "Description": "تفصیل",
  "Date": "نیټه",
  "ID": "آی‌ډي",
  "Customer Name": "د پیرودار نوم",
  "Curency": "اسعار",
  "Add By": "د اضافه کونکی",
  "Delete": "ړنګول",
  "Search": "پلټل",
  "Print Pdf": "د PDF چاپ",
  "Create Report From A Customer": "د پیرودار څخه راپور جوړول",
  "Start Date": "د پیل نیټه",
  "End Date": "د پای نیټه",
  "Report Customer": "د پیرودار راپور",
  "This is the value for prev transactions": "دا د تیرو معاملاتو لپاره ارزښت دی",
  "Company Name": "د شرکت نوم",
  "Address": "پته",
  "Phone": "تلیفون",
  "From": "څخه",
  "To": "ته",
  "Email": "ایمیل",
  "No": "شمیره",
  "Balance": "بیلانس",
  "Reset Options": "تنظیمات بیا تنظیمول",
  "Currency Name": "د اسعار نوم",
  "Added By": "د اضافه کونکی",
  "Profit Table": "د ګټې جدول",
  "Tracking of profit": "د ګټې تعقیب",
  "Bill Number": "د بل شمیره",
  "Source": "سرچینه",
  "Sell": "خرڅلاو",
  "Report": "راپور",
  "benefit report": "د ګټې راپور",
  "Whatsup MSG": "د واتساپ پیام",
  "Whatsup Number": "د واتساپ شمیره",
  "Phone Number": "د تلیفون شمیره",
  "National Id Number": "د ملی کارت شمیره",
  "Customers": "پیروداران",
  "Photo": "عکس",
  "Father Name": "د پلار نوم",
  "Whatsup": "واتساپ",
  "ID Card": "د ملی کارت",
  "Whatsup Message": "د واتساپ پیام",
  "Submit": "ثبتول",
  "Cancel": "لغوه",
  "Change Organisation Info": "د سازمان معلومات بدلول",
  "Cash": "نغدي",
  "Available Cash": "شته نغدي",
  "Total Transactions:": "ټول معاملات:",
  "See all transactions": "ټول معاملات وګورئ",
  "Deposit And Withdraw": "واریز او برداشت",
  "Accounts": "حسابونه",
  "Table of Currency": "د اسعار جدول",
  "Add Currency": "اسعار زیاتول",
  "Money Name": "د پیسو نوم",
  "Edit Item Type": "د آیتم ډول سمون",
  "Mesurment Type": "د اندازه ډول",
  "Mesurment": "اندازه",
  "Item Type": "د آیتم ډول",
  "Add Image": "عکس زیاتول",
  "Item Type Name": "د آیتم ډول نوم",
  "Select Mesurment": "اندازه انتخابول",
  "Add Item Type": "د آیتم ډول زیاتول",
  "Update Item": "آیتم تازه کول",
  "Add Item": "آیتم زیاتول",
  "Items": "آیتمونه",
  "Item": "آیتم",
  "Serial Number": "سیریل شمیره",
  "Rate": "نرخ",
  "Update": "تازه کول",
  "QTY": "تعداد",
  "Find Bill": "بل پیدا کول",
  "Search Bill": "بل پلټل",
  "Purchase Return": "د خرید بیرته ستنیدل",
  "Print And Save": "چاپ او ذخیره",
  "Purchase stocks": "د خرید موجودي",
  "Add Purchase": "خرید زیاتول",
  "Purchases": "خریدونه",
  "Paid Amount": "ورکړ شوی مقدار",
  "Total Amount": "ټول مقدار",
  "Remain Amount": "پاتې مقدار",
  "Exesting": "شته",
  "Price": "قیمت",
  "Exest QTY": "شته تعداد",
  "Purchase Table": "د خرید جدول",
  "Total": "ټول",
  "Quantity": "تعداد",
  "Save": "ذخیره",
  "Save & Print": "ذخیره او چاپ",
  "Purchase": "خرید",
  "Print": "چاپ",
  "Sells": "خرڅلاو",
  "Return": "بیرته ستنیدل",
  "Item Sold": "خرڅ شوی آیتم",
  "Draft Of Currency": "د اسعار مسوده",
  "Edit Return Sell": "د خرڅلاو بیرته ستنیدل سمون",
  "Return Sell": "خرڅلاو بیرته ستنیدل",
  "Sell Return": "خرڅلاو بیرته ستنیدل",
  "Edit Purchase Return": "د خرید بیرته ستنیدل سمون",
  "Remain Return Amount": "پاتې بیرته ستنیدل مقدار",
  "Paid Return Amount": "ورکړ شوی بیرته ستنیدل مقدار",
  "Total Return Amount": "ټول بیرته ستنیدل مقدار",
  "Return Item Sold": "خرڅ شوی آیتم بیرته ستنیدل",
  "Draft": "مسوده",
  "Transaction": "معامله",
  "Restore": "بیا ترتیبول",
  "Customer Info": "د پیرودار معلومات",
  "Language": "ژبه",
  "Reset To Default": "په اصلي حالت بیا تنظیمول",
  "Reset": "بیا تنظیمول",
  "Organisation Info": "د سازمان معلومات",
  "Change": "بدلول",
  "Company Picture": "د شرکت عکس",
  "Item infomation": "د آیتم معلومات",
  "Purchase Price": "د خرید قیمت",
  "Purchase Stock": "د خرید موجودي",
  "Sell Price": "د خرڅلاو قیمت",
  "Item Name": "د آیتم نوم",
  "Item information": "د آیتم معلومات",
  "Veiw": "لیدل",
  "Dashboard": "ډشبورډ",
  "Transactions": "معاملات",
  "Transformation": "بدلون",
  "Deposit": "واریز",
  "Withdraw": "برداشت",
  "Reports": "راپورونه",
  "Stock": "موجودي",
  "All Draft": "ټول مسودې",
  "Draft Transactions": "د معاملاتو مسودې",
  "Draft Customers": "د پیرودارانو مسودې",
  "Draft Currency": "د اسعار مسودې",
  "Draft Accounts": "د حسابونو مسودې",
  "Settings": "تنظیمات",
  "Dari": "دری",
  "English": "انګلیسي",
  "Pashto": "پښتو",
  "Add New User": "نوی کارن زیاتول",
  "Manage Users": "د کاروونکو مدیریت",
  "Logout": "وتل",
  "Loading...": "د باریدو په حال کې...",
  "Add User": "کارن زیاتول",
  "Username": "د کارن نوم",
  "Table Of Users": "د کاروونکو جدول",
  "User Name": "د کارن نوم",
  "Password": "رمز",
  "Type": "ډول",
  "Admin": "ادمین",
  "Sample": "نمونه",
  "Edit User": "د کارن سمون",
  "Login": "ننوتل",
  "Hide": "پټول",
  "You must select from account and to account!": "تاسو باید د حساب څخه او حساب ته وټاکئ!",
  "Transformation has been created!": "بدلون جوړ شو!",
  "Something went wrong!": "یوه ستونزه رامنځته شوه!",
  "Transformation has been updated!": "بدلون تازه شو!",
  "To Amount": "ته مقدار",
  "To Account": "ته حساب",
  "You must fill Customer name and Amount input !": "تاسو باید د پیرودار نوم او مقدار دننه کړئ!",
  "Your record has been added!": "ستاسو ریکارډ اضافه شو!",
  "Not working ,please try again!": "کار نه کوي، مهرباني وکړئ بیا هڅه وکړئ!",
  "Are you sure?": "آیا تاسو ډاډه یاست؟",
  "You won't be able to revert this!": "تاسو به نشئ کولی دا بیرته راوګرځوئ!",
  "Yes, delete it!": "هو، ړنګ یې کړئ!",
  "No, cancel!": "نه، لغوه یې کړئ!",
  "record successfully deleted!": "ریکارډ په بریالیتوب سره ړنګ شو!",
  "Deposite record not deleted": "د واریز ریکارډ ړنګ نه شو",
  "Your Deposite record is safe :)": "ستاسو د واریز ریکارډ خوندي دی :)",
  "Your Withdraw record is safe :)": "ستاسو د برداشت ریکارډ خوندي دی :)",
  "Updated Successfully!": "په بریالیتوب سره تازه شو!",
  "Not updated successfully!": "په بریالیتوب سره تازه نه شو!",
  "You must enter the customer name!": "تاسو باید د پیرودار نوم دننه کړئ!",
  "Your record has been updated!": "ستاسو ریکارډ تازه شو!",
  "Cancelled": "لغوه شو",
  "Your record is safe :)": "ستاسو ریکارډ خوندي دی :)",
  "You Must fill all inputs!": "تاسو باید ټول انټرۍ ډک کړئ!",
  "Please select an item and fill the quantity and price!": "مهرباني وکړئ یو آیتم وټاکئ او مقدار او قیمت ډک کړئ!",
  "Quantity and price must be positive values!": "مقدار او قیمت باید مثبت ارزښتونه ولري!",
  "have not enuagh item!": "کافي آیتم نلرئ!",
  "You don't have enough belance!": "تاسو کافي بیلانس نلرئ!",
  "You must fill the item input!": "تاسو باید د آیتم انټري ډک کړئ!",
  "Select an item!": "یو آیتم وټاکئ!",
  "Customer has been created!": "پیرودار جوړ شو!",
  "Please fill the bill number!": "مهرباني وکړئ د بل شمیره ډک کړئ!",
  "This bill number not found!": "دا بل شمیره ونه موندل شوه!",
  "Restored successfully!": "په بریالیتوب سره بیا ترتیب شو!",
  "Please select at least one table to reset.": "مهرباني وکړئ لږترلږه یو جدول د بیا تنظیم لپاره وټاکئ.",
  "Error": "تېروتنه",
  "error": "تېروتنه",
  "Total transactions :": "ټول معاملات:",
  "User has been deleted!": "کارن ړنګ شو!",
  "Factory Reset": "د فابریکی بیا تنظیم",
  "Settings updated successfully!": "تنظیمات په بریالیتوب سره تازه شول!",
  "Show": "ښکاره کول",
  "Profit": "ګټه",
  "Name": "نوم",
  "deposite": "واریز",
  "withdraw": "برداشت",
  "Back in cash": "نغدي بیرته",
  "Edit Transaction": "د معاملې سمون",
  "Get Backup":"پشتیبانی گرفتن",
  "Backup":"بک آپ",
  "Upload Databse":"آپلود دیتابیس",
  "Database Successfully added!":"!دیتابیس موفقانه اضافه شد"

}