{
    "Total Accounts": "Total Accounts",
    "Total Sells": "Total Sells",
    "Total Purchases": "Total Purchases",
    "Total Stocks": "Total Stocks",
    "Total Transformations": "Total Transformations",
    "Sell All": "See All",
    
    "Navbar":"Navbar",
    "Add":"Add",
    "Transformations":"Transformations",
    "Start":"Start",
    "End":"End",
    "All Users":"All Users",
    "From Account":"From Account",
    "From Amount":"From Amount",
    "Send MSG":"Send MSG",
    "Commission Account":"Commission Account",
    "Com Amount":"Commission Amount",
    "Date Created":"Date Created",    
    "Edit":"Edit",
    "rowsPerPage":"rowsPerPage",
    "previous":"previous",
    "next":"next",
    "page":"page",
"Currency":"Currency",
    "Edit Account":"Edit Account",
    "National Id Picture":"National Id Picture",
    "ProFile Picture":"ProFile Picture",
    "Add Account":"Add Account",
    "Edit Withdraw":"Edit Withdraw",
    "Edit Deposit":"Edit Deposit",
    "Deposite":"Deposite",
    "Customer":"Customer",
    "Amount":"Amount",
    "Description":"Description",
    "Date":"Date",
    "ID":"ID",
    "Customer Name":"Customer Name",
    "Curency":"Curency",
    "Add By":"Add By",
    "Delete":"Delete",
    "Search":"Search",
    "Print Pdf":"Print Pdf",
    "Create Report From A Customer":"Create Report From A Customer",
    "Start Date":"Start Date",
    "End Date":"End Date",
    "Report Customer":"Report Customer",
    "This is the value for prev transactions":"This is the value for prev transactions",

"Company Name":"Company Name",
"Address": "Address",
"Phone": "Phone",
"From":"From",
"To":"To",
"Email": "Email",
"No":"No",
"Balance": "Balance",

"Reset Options":"Reset Options",
"Currency Name":"Currency Name",
"Added By": "Added By",
"Profit Table":"Profit Table",
"Tracking of profit":"Tracking of profit",
"Bill Number":"Bill Number",
"Source":"Source",
"Sell":"Sell",
"Report":"Report",

"benefit report":"benefit report",
"Whatsup MSG":"Whatsup MSG",
"Whatsup Number":"Whatsup Number",
"Phone Number":"Phone Number",
"National Id Number":"National Id Number",
"Customers":"Customers",
"Photo":"Photo",
"Father Name":"Father Name",
"Whatsup":"Whatsup",
"ID Card":"ID Card",
"Whatsup Message":"Whatsup Message",
"Submit":"Submit",
"Cancel":"Cancel",

"Change Organisation Info":"Change Organisation Info",
"Cash": "Cash",
"Available Cash":"Available Cash",
"Total Transactions:":"Total Transactions:",
"See all transactions":"See all transactions",
"Deposit And Withdraw":"Deposit And Withdraw",
"Accounts":"Accounts",
"Table of Currency":"Table of Currency",
"Add Currency":"Add Currency",
"Money Name":"Money Name",

"Edit Item Type":"Edit Item Type",
"Mesurment Type":"Mesurment Type",
"Mesurment":"Mesurment",
"Item Type":"Item Type",
"Add Image":"Add Image",
"Item Type Name":"Item Type Name",
"Select Mesurment":"Select Mesurment",
"Add Item Type":"Add Item Type",

"Update Item":"Update Item",
"Add Item":"Add Item",
"Items":"Items",
"Item":"Item",
"Serial Number":"Serial Number",
"Rate":"Rate",
"Update":"Update",
"QTY":"QTY",
"Find Bill":"Find Bill",
"Search Bill":"Search Bill",
"Purchase Return":"Purchase Return",
"Print And Save":"Print And Save",
"Purchase stocks":"Purchase stocks",
"Add Purchase":"Add Purchase",
"Purchases":"Purchases",
"Paid Amount":"Paid Amount",
"Total Amount":"Total Amount",
"Remain Amount":"Remain Amount",
"Exesting":"Exesting",
"Price":"Price",
"Exest QTY":"Exest QTY",
"Purchase Table":"Purchase Table",
"Total":"Total",
"Quantity":"Quantity",
"Save":"Save",
"Save & Print":"Save & Print",
"Purchase":"Purchase",
"Print":"Print",
"Sells":"Sells",
"Return":" Return",
"Item Sold":"Item Sold",

"Draft Of Currency":"Draft Of Currency",
"Edit Return Sell":"Edit Return Sell",
"Return Sell":"Return Sell",
"Sell Return":"Sell Return",
"Edit Purchase Return":"Edit Purchase Return",
"Remain Return Amount":"Remain Return Amount",
"Paid Return Amount":"Paid Return Amount",
"Total Return Amount":"Total Return Amount",
"Return Item Sold":"Return Item Sold",
"Draft":"Draft",
"Transaction":"Transaction",
"Restore":"Restore",
"Customer Info":"Customer Info",
"Language":"Language",
"Reset To Default":"Reset To Default",
"Reset":"Reset",
"Organisation Info":"Organisation Info",
"Change":"Change",
"Company Picture":"Company Picture",

"Item infomation":"Item infomation",
"Purchase Price":"Purchase Price",
"Purchase Stock":"Purchase Stock",
"Sell Price":"Sell Price",
"Item Name":"Item Name",
"Item information":"Item information",
"Veiw":"Veiw",
"Dashboard":"Dashboard",
"Transactions":"Transactions",
"Transformation":"Transformation",
"Deposit":"Deposit",
"Withdraw":"Withdraw",
"Reports":" Reports",
"Stock":"Stock",
"All Draft":"All Draft",
"Draft Transactions":"Draft Transactions",
"Draft Customers":"Draft Customers",
"Draft Currency":"Draft Currency",
"Draft Accounts":"Draft Accounts",
"Settings":"Settings",
"Dari":"Dari",
"English":"English",
"Pashto":"Pashto",

"Add New User":"Add New User",
"Manage Users":"Manage Users",
"Logout":"Logout",

"Loading...":"Loading...",
"Add User":"Add User",
"Username":"Username",
"Table Of Users":"Table Of Users",
"User Name":"User Name",
"Password":"Password",
"Type":"Type",
"Admin":"Admin",
"Sample":"Sample",
"Edit User":"Edit User",
"Login":"Login",
"Hide":"Hide",
"You must select from account and to account!":"You must select from account and to account!",
"Transformation has been created!":"Transformation has been created!",
"Something went wrong!":"Something went wrong!",
"Transformation has been updated!":"Transformation has been updated!",
"To Amount":"To Amount",
"To Account":"To Account",
"You must fill Customer name and Amount input !":"You must fill Customer name and Amount input !",
"Your record has been added!":"Your record has been added!",
"Not working ,please try again!":"Not working ,please try again!",
"Are you sure?":"Are you sure?",
"You won't be able to revert this!":"You won't be able to revert this!",
"Yes, delete it!":"Yes, delete it!",
"No, cancel!":"No, cancel!",
"record successfully deleted!":"record successfully deleted!",
"Deposite record not deleted":"Deposite record not deleted",
"Your Deposite record is safe :)":"Your Deposite record is safe :)",
"Your Withdraw record is safe :)":"Your Withdraw record is safe :)",
"Updated Successfully!":"Updated Successfully!",
"Not updated successfully!":"Not updated successfully!",
"You must enter the customer name!":"You must enter the customer name!",
"Your record has been updated!":"Your record has been updated!",
"Cancelled":"Cancelled",
"Your record is safe :)":"Your Item record is safe :)",
"You Must fill all inputs!":"You Must fill all inputs!",
"Please select an item and fill the quantity and price!":"Please select an item and fill the quantity and price!",
"Quantity and price must be positive values!":"Quantity and price must be positive values!",
"have not enuagh item!":"have not enuagh item!",
"You don't have enough belance!":"You don't have enough belance!",
"You must fill the item input!":"You must fill the item input!",
"Select an item!":"Select an item!",
"Customer has been created!":"Customer has been created!",
"Please fill the bill number!":"Please fill the bill number!",
"This bill number not found!":"This bill number not found!",
"Restored successfully!":"Restored successfully!",
"Please select at least one table to reset.":"Please select at least one table to reset.",
"Error":"Error",
"error":"error",
"Total transactions :":" Total Transactions",
"User has been deleted!":"User has been deleted!",
"Factory Reset":"Factory Reset",
"Settings updated successfully!":"Settings updated successfully!",
"Show":"show",
"Profit":"Profit",
"Name":"Name",
"deposite":"deposite",
"withdraw":"withdraw",
"Back in cash":"Back in cash",
"Edit Transaction":"Edit Transaction"
}